[
  {"month": "Jan", "city": "Hanoi", "pairingRate": 70, "supportTickets": 140, "activeDevices": 1200, "automationAdoption": 30, "NPS": 25, "CSAT": 72},
  {"month": "Jan", "city": "Ho Chi Minh", "pairingRate": 72, "supportTickets": 150, "activeDevices": 1400, "automationAdoption": 32, "NPS": 27, "CSAT": 74},
  {"month": "Jan", "city": "Da Nang", "pairingRate": 68, "supportTickets": 110, "activeDevices": 800, "automationAdoption": 28, "NPS": 22, "CSAT": 70},
  {"month": "Jan", "city": "Can Tho", "pairingRate": 66, "supportTickets": 100, "activeDevices": 700, "automationAdoption": 25, "NPS": 20, "CSAT": 68},
  {"month": "Feb", "city": "Hanoi", "pairingRate": 73, "supportTickets": 130, "activeDevices": 1250, "automationAdoption": 35, "NPS": 28, "CSAT": 75},
  {"month": "Feb", "city": "Ho Chi Minh", "pairingRate": 74, "supportTickets": 140, "activeDevices": 1500, "automationAdoption": 38, "NPS": 30, "CSAT": 76},
  {"month": "Feb", "city": "Da Nang", "pairingRate": 70, "supportTickets": 105, "activeDevices": 900, "automationAdoption": 32, "NPS": 25, "CSAT": 72},
  {"month": "Feb", "city": "Can Tho", "pairingRate": 68, "supportTickets": 95, "activeDevices": 800, "automationAdoption": 28, "NPS": 22, "CSAT": 70},
  {"month": "Mar", "city": "Hanoi", "pairingRate": 76, "supportTickets": 120, "activeDevices": 1300, "automationAdoption": 40, "NPS": 30, "CSAT": 78},
  {"month": "Mar", "city": "Ho Chi Minh", "pairingRate": 77, "supportTickets": 135, "activeDevices": 1600, "automationAdoption": 42, "NPS": 33, "CSAT": 79},
  {"month": "Mar", "city": "Da Nang", "pairingRate": 72, "supportTickets": 100, "activeDevices": 1000, "automationAdoption": 35, "NPS": 27, "CSAT": 74},
  {"month": "Mar", "city": "Can Tho", "pairingRate": 70, "supportTickets": 90, "activeDevices": 900, "automationAdoption": 30, "NPS": 24, "CSAT": 72},
  {"month": "Apr", "city": "Hanoi", "pairingRate": 78, "supportTickets": 110, "activeDevices": 1350, "automationAdoption": 45, "NPS": 33, "CSAT": 80},
  {"month": "Apr", "city": "Ho Chi Minh", "pairingRate": 79, "supportTickets": 130, "activeDevices": 1700, "automationAdoption": 46, "NPS": 35, "CSAT": 81},
  {"month": "Apr", "city": "Da Nang", "pairingRate": 74, "supportTickets": 95, "activeDevices": 1100, "automationAdoption": 38, "NPS": 29, "CSAT": 76},
  {"month": "Apr", "city": "Can Tho", "pairingRate": 72, "supportTickets": 85, "activeDevices": 1000, "automationAdoption": 34, "NPS": 26, "CSAT": 74},
  {"month": "May", "city": "Hanoi", "pairingRate": 80, "supportTickets": 100, "activeDevices": 1400, "automationAdoption": 50, "NPS": 36, "CSAT": 82},
  {"month": "May", "city": "Ho Chi Minh", "pairingRate": 81, "supportTickets": 125, "activeDevices": 1800, "automationAdoption": 50, "NPS": 38, "CSAT": 83},
  {"month": "May", "city": "Da Nang", "pairingRate": 76, "supportTickets": 90, "activeDevices": 1200, "automationAdoption": 42, "NPS": 31, "CSAT": 78},
  {"month": "May", "city": "Can Tho", "pairingRate": 74, "supportTickets": 80, "activeDevices": 1100, "automationAdoption": 36, "NPS": 28, "CSAT": 76},
  {"month": "Jun", "city": "Hanoi", "pairingRate": 82, "supportTickets": 90, "activeDevices": 1500, "automationAdoption": 55, "NPS": 38, "CSAT": 84},
  {"month": "Jun", "city": "Ho Chi Minh", "pairingRate": 83, "supportTickets": 120, "activeDevices": 1900, "automationAdoption": 55, "NPS": 40, "CSAT": 85},
  {"month": "Jun", "city": "Da Nang", "pairingRate": 78, "supportTickets": 85, "activeDevices": 1300, "automationAdoption": 45, "NPS": 33, "CSAT": 80},
  {"month": "Jun", "city": "Can Tho", "pairingRate": 76, "supportTickets": 75, "activeDevices": 1200, "automationAdoption": 38, "NPS": 30, "CSAT": 78}
]
